{"cameraMode":{"drawMode":0,"name":"Shaded","section":"Shading Mode"},"sceneLighting":true,"audioPlay":false,"sceneViewState":{"showFog":true,"showMaterialUpdate":false,"showSkybox":true,"showFlares":true,"showImageEffects":true,"showParticleSystems":true},"in2DMode":false,"pivot":{"x":1.3111848831176758,"y":1.0927414894104005,"z":-6.065903663635254},"rotation":{"x":-0.23635467886924745,"y":0.23365075886249543,"z":-0.058666426688432696,"w":-0.941331148147583},"size":3.3274002075195314,"orthographic":true}